"article_id","price","sellable_online"
161412,150,TRUE
154424,275,TRUE
723843,99,TRUE
174361,75,TRUE
146207,450,TRUE
509955,945,TRUE
685892,100,TRUE
959667,1846,TRUE
726545,370,TRUE
686328,90,TRUE
789059,50,TRUE
421502,871,TRUE
941220,545,TRUE
349761,383.8,TRUE
865799,795,TRUE
285657,125,TRUE
113609,545,TRUE
598845,445,TRUE
783918,435,TRUE
491481,2085,TRUE
621507,597,TRUE
338549,841,TRUE
206092,525,TRUE
843620,495,TRUE
348033,1268,TRUE
607825,395,TRUE
242295,395,TRUE
526928,1095,TRUE
426553,395,TRUE
202661,40,TRUE
440097,129,TRUE
350882,220,TRUE
443444,1795,TRUE
174742,2095,FALSE
459097,1266,TRUE
736967,185,TRUE
386752,345,TRUE
100102,1260,TRUE
306956,200,TRUE
732136,19,TRUE
923371,140,TRUE
302504,399,TRUE
775362,1081,TRUE
886447,510,TRUE
423291,595,TRUE
606861,675,TRUE
395899,75,TRUE
468257,30,TRUE
179767,1215,TRUE
125489,2095,TRUE
425229,130,TRUE
606806,414,TRUE
558900,395,TRUE
351448,2375,TRUE
326278,5840,TRUE
725041,115,TRUE
778668,1266,TRUE
416469,440,TRUE
257983,625,TRUE
846780,575,TRUE
163083,7796,TRUE
671768,27,TRUE
401693,345,TRUE
816792,8356,TRUE
727823,395,TRUE
566204,458,TRUE
534085,177,TRUE
105260,1841,TRUE
677846,29,TRUE
765129,1800,TRUE
711063,345,TRUE
125850,695,TRUE
675132,149,TRUE
626194,75,TRUE
136077,3435,TRUE
964878,375,TRUE
439447,345,TRUE
964164,3340,TRUE
108945,549,TRUE
484213,85,TRUE
444670,2040,TRUE
476659,1385,TRUE
872878,129,TRUE
184393,1195,TRUE
544603,125,TRUE
960427,230,TRUE
631648,695,TRUE
213463,995,TRUE
592641,570,TRUE
653307,695,TRUE
784348,2307,TRUE
983725,1596,TRUE
182555,9585,TRUE
208126,1395,TRUE
744792,2495,TRUE
844053,20,TRUE
420649,1375,TRUE
111248,1990,TRUE
425154,85,TRUE
833049,595,TRUE
116100,195,TRUE
241493,19,TRUE
690974,25,TRUE
812371,236,TRUE
717439,4120,TRUE
136794,1550,TRUE
769213,2176,TRUE
328195,150,TRUE
306410,595,TRUE
161640,60,TRUE
112349,2185,TRUE
921214,3339,TRUE
926995,125,TRUE
108080,1611,TRUE
161979,595,TRUE
174398,2600.5,TRUE
572190,35,TRUE
413612,995,TRUE
829792,1002,TRUE
974034,895,TRUE
847358,2185,TRUE
386254,268,TRUE
562021,125,TRUE
557615,1295,TRUE
701030,1160,TRUE
626232,995,FALSE
279025,1840,TRUE
387470,7765,TRUE
826779,849,TRUE
626419,4270,TRUE
653423,1285,TRUE
449143,1729,TRUE
160988,15,TRUE
438090,445,TRUE
644405,375,TRUE
754005,445,TRUE
433779,1340,TRUE
554197,70,TRUE
951364,1830,TRUE
781166,25,TRUE
380481,6110,TRUE
685573,770,TRUE
155181,70,TRUE
755515,295,TRUE
191702,195,TRUE
197017,6,TRUE
710595,40,TRUE
315758,445,TRUE
892390,505,TRUE
123578,335,TRUE
954660,412,TRUE
452147,2945,TRUE
225177,920,TRUE
662058,45,TRUE
831685,275,TRUE
721000,134.6,TRUE
720658,225,TRUE
667050,25,TRUE
295291,475,TRUE
400323,17,TRUE
750453,22,TRUE
643157,139,TRUE
776464,89,TRUE
958810,345,TRUE
425483,2600,TRUE
369253,175,TRUE
720631,375,TRUE
183894,255,TRUE
546861,495,TRUE
884052,25,TRUE
236713,40,TRUE
658680,7785,TRUE
377185,795,TRUE
263233,145,TRUE
814797,175,TRUE
586196,155,TRUE
565829,1095,TRUE
313972,795,TRUE
321898,49,TRUE
727936,225,TRUE
802669,595,TRUE
830912,425,TRUE
937411,825,TRUE
890367,500,TRUE
459317,59,TRUE
874079,575,TRUE
891174,1095,TRUE
843172,12,TRUE
201286,595,TRUE
891929,95,TRUE
953045,45,TRUE
180411,375,TRUE
262720,295,TRUE
352650,295,TRUE
654805,345,TRUE
742758,195,TRUE
235131,895,TRUE
191544,220,TRUE
864105,495,TRUE
644402,645,TRUE
548642,69,TRUE
432860,250,TRUE
301385,110,TRUE
207478,25,TRUE
112369,55,TRUE
287565,295,TRUE
100093,250,TRUE
752196,255,TRUE
916817,27,TRUE
290450,476,TRUE
741327,950,TRUE
203353,259,TRUE
305272,345,TRUE
719324,30,TRUE
509504,35,TRUE
955155,425,TRUE
459410,50,TRUE
848178,175,TRUE
439691,31.5,TRUE
644285,170,TRUE
691974,295,TRUE
242680,320,TRUE
218693,1495,TRUE
682839,60,TRUE
764965,320,TRUE
709838,395,TRUE
121928,460,TRUE
707280,260,TRUE
858805,945,TRUE
161162,49,TRUE
632611,29,TRUE
276314,1900,TRUE
422469,345,TRUE
903898,125,TRUE
377161,350,TRUE
994355,345,TRUE
171766,95,TRUE
331416,95,TRUE
638259,175,TRUE
687290,2395,TRUE
963405,595,TRUE
280830,345,TRUE
710784,40,TRUE
571806,240,TRUE
305620,1595,TRUE
368229,195,TRUE
904589,2163.5,TRUE
347258,2905,TRUE
637767,265,TRUE
495759,612,TRUE
712683,920,TRUE
706317,50,TRUE
542986,1085,TRUE
506581,195,TRUE
624314,695,TRUE
207087,415,TRUE
953720,235,TRUE
858286,17,TRUE
160261,450,TRUE
535516,180,TRUE
262569,115,TRUE
951517,796,TRUE
474528,315,TRUE
809996,945,TRUE
755097,595,TRUE
721690,1495,TRUE
908782,59,TRUE
130062,575,TRUE
577283,500,TRUE
447593,920,TRUE
852218,1218,TRUE
307351,345,TRUE
658590,170,TRUE
593135,1570,TRUE
843951,1495,TRUE
291490,1356,TRUE
572287,32,TRUE
383366,495,TRUE
269481,636,TRUE
410249,345,TRUE
538930,1345,TRUE
914380,899,TRUE
720918,299,TRUE
967735,345,TRUE
902295,30,TRUE
998666,2980,TRUE
920450,676,TRUE
736658,1540,TRUE
173126,340,TRUE
351092,1245,TRUE
407626,1995,TRUE
713034,700,TRUE
162580,80,TRUE
997669,1725,TRUE
721334,30,TRUE
696392,1400,TRUE
841355,498,TRUE
879948,636,TRUE
219534,100,TRUE
412352,29,TRUE
783111,325,TRUE
905261,345,TRUE
216709,210,TRUE
912287,316,TRUE
960706,476,TRUE
838860,195,TRUE
949031,17,TRUE
678300,50,FALSE
501388,275,TRUE
463621,45,TRUE
566809,745,TRUE
539551,9,TRUE
686249,295,TRUE
785243,495,TRUE
722922,49,TRUE
802358,475,TRUE
146293,745,TRUE
858374,695,TRUE
812841,545,TRUE
607102,445,TRUE
868354,875,TRUE
905971,94,TRUE
537367,149,TRUE
677711,1175,TRUE
784172,4841,TRUE
532657,995,TRUE
556020,1770,TRUE
422078,25,TRUE
590003,231.6,TRUE
209670,540,FALSE
156313,9,TRUE
268687,735,TRUE
620466,250,TRUE
192425,775,TRUE
845634,445,TRUE
302351,1570,TRUE
444553,480,TRUE
175239,1550,TRUE
161900,80,TRUE
539498,695,TRUE
755948,695,TRUE
192302,310,TRUE
397357,395,TRUE
368543,1830,TRUE
702800,360,TRUE
821617,915,TRUE
814357,645,TRUE
162385,175,TRUE
536204,22,TRUE
169835,995,TRUE
960322,1255,TRUE
338041,25,TRUE
628903,345,TRUE
321851,25,TRUE
494605,85,TRUE
118103,2020,TRUE
961524,585,TRUE
567953,660,TRUE
617729,620,TRUE
986852,50,TRUE
700331,49,TRUE
245785,125,TRUE
198545,1710,TRUE
225870,1996,TRUE
140327,375,TRUE
271495,772,TRUE
957235,1395,TRUE
266561,516,TRUE
299678,745,TRUE
294172,35,TRUE
690570,195,TRUE
585143,149,TRUE
713532,570,TRUE
205237,1145,TRUE
340854,345,TRUE
100235,30,TRUE
546099,695,TRUE
268230,69,TRUE
633310,175,TRUE
975026,275,FALSE
373386,15.6,TRUE
805470,2275,TRUE
849520,978,TRUE
167955,345,TRUE
554320,435,TRUE
357964,49,TRUE
275424,25,TRUE
834544,17,TRUE
352600,115,TRUE
177466,595,TRUE
908601,10,TRUE
681332,1824.5,TRUE
612802,295,TRUE
733868,250,TRUE
196758,695,TRUE
334280,225,TRUE
804859,60,TRUE
741887,745,TRUE
962746,84,TRUE
106399,445,TRUE
152813,20,TRUE
714132,15,TRUE
759966,2932,TRUE
954386,555,TRUE
362900,1035,TRUE
227464,150,TRUE
247095,4265,TRUE
828609,1719,TRUE
776823,2176,TRUE
946107,445,TRUE
990005,45,TRUE
698576,515,TRUE
360958,22,TRUE
566973,745,TRUE
614994,40,TRUE
719173,585,TRUE
293344,75,TRUE
302651,420,TRUE
646144,1145,TRUE
807269,1495,TRUE
330285,395,TRUE
646907,570,TRUE
474763,995,TRUE
432272,1400,TRUE
782426,425,TRUE
672625,695,TRUE
795954,225,TRUE
152586,695,TRUE
144528,2195,TRUE
602218,414,TRUE
219008,796,TRUE
552261,620,TRUE
178061,125,TRUE
375456,150,TRUE
981208,1085,TRUE
530993,2236,TRUE
832867,200,TRUE
960169,830,TRUE
233062,45,TRUE
414199,295,TRUE
443172,500,TRUE
370398,795,TRUE
223368,25,TRUE
237474,2290,TRUE
680543,35,TRUE
759228,595,TRUE
755846,1195,TRUE
693936,1640,TRUE
200883,100,TRUE
737003,175,TRUE
611959,1725,TRUE
464701,15,TRUE
440445,225,TRUE
285801,595,TRUE
709414,895,TRUE
626871,395,TRUE
321107,4488,TRUE
561806,5780,TRUE
700996,480,TRUE
109360,275,TRUE
731475,8551,TRUE
629917,295,TRUE
450402,475,TRUE
992872,150,TRUE
571723,2710,TRUE
548456,1035,TRUE
559501,595,TRUE
244547,175,TRUE
276166,595,TRUE
153947,225,TRUE
593348,199,TRUE
446499,1120,TRUE
945274,5300,TRUE
562123,480,TRUE
866475,395,TRUE
599394,4295,TRUE
233785,1020,TRUE
686495,1340,TRUE
537658,1800,TRUE
496203,2610,TRUE
893008,395,TRUE
232698,1075,TRUE
921394,1975,TRUE
168501,3665,TRUE
364296,1226,TRUE
920913,1409,TRUE
133091,297,TRUE
171229,445,TRUE
399106,1265,TRUE
733911,1645,TRUE
629062,295,TRUE
994012,2330,TRUE
781033,4260,TRUE
713268,275,TRUE
673094,1588,TRUE
434771,1060,TRUE
872871,771,TRUE
384985,965,TRUE
282867,375,TRUE
806394,165,TRUE
130022,2115,TRUE
607241,80,TRUE
821269,984,TRUE
335678,1431,TRUE
300226,900,TRUE
921180,4270,TRUE
161871,285,TRUE
378002,2345,TRUE
121546,2345,TRUE
107127,450,TRUE
100593,1525,TRUE
283805,1660,TRUE
423366,4220,TRUE
461167,4220,TRUE
896960,2725,TRUE
587166,245,TRUE
260433,2794,TRUE
705773,5144,TRUE
713622,2016,TRUE
193391,597,TRUE
865928,3075,TRUE
156833,3555,TRUE
819143,1580,TRUE
296257,1675,TRUE
108063,499,TRUE
443362,845,TRUE
806873,645,TRUE
392885,1780,TRUE
159138,235,TRUE
997253,675,TRUE
799335,1795,TRUE
500629,1135,TRUE
653570,4040,TRUE
193861,2345,TRUE
177487,545,TRUE
984936,2196,TRUE
405872,2636,TRUE
885171,2995,TRUE
321669,1545,TRUE
201442,3680,TRUE
191901,995,TRUE
155639,380,TRUE
208284,1640,TRUE
775847,4145,TRUE
547540,990,TRUE
305659,745,TRUE
465500,5040,TRUE
495063,665,TRUE
149595,350,TRUE
593074,2615,TRUE
303185,2995,TRUE
388521,1295,TRUE
752178,2950,TRUE
482028,1370,TRUE
545547,1570,TRUE
608212,1990,TRUE
476949,4010,TRUE
496987,2515,TRUE
495940,1520,TRUE
119634,1067,TRUE
619274,4025,TRUE
212561,1123,TRUE
508169,1247,TRUE
465108,2350,TRUE
335580,275,TRUE
843924,1500,TRUE
474480,995,TRUE
981024,2195,TRUE
799498,1800,TRUE
606707,1750,TRUE
712920,700,TRUE
844786,350,TRUE
969047,4645,TRUE
405154,685,TRUE
927794,2310,TRUE
396700,4785,TRUE
642001,200,TRUE
342910,1725,TRUE
960769,915,TRUE
123541,1266,TRUE
451661,1700,TRUE
557902,3386,TRUE
498373,7765,TRUE
879507,5380,TRUE
812649,1020,TRUE
983248,775,TRUE
671465,2800,TRUE
973370,1870,TRUE
252745,2690,TRUE
924520,424,TRUE
461562,275,TRUE
587890,1260.5,TRUE
553593,3475,TRUE
543407,1785.5,TRUE
613686,2995,TRUE
389851,1695,TRUE
422941,3120,TRUE
929610,2450,TRUE
640314,2320,TRUE
723571,3760,TRUE
418564,160,TRUE
513945,3885,TRUE
201358,2610,TRUE
210207,1757,TRUE
512128,892,TRUE
823870,1095,TRUE
848265,1295,TRUE
440604,1195,TRUE
678336,5965,TRUE
130828,460,TRUE
456235,245,FALSE
234816,2505,TRUE
765051,995,TRUE
783195,3800,TRUE
235604,1210,TRUE
557636,29,TRUE
615892,195,TRUE
243791,145,TRUE
838606,25,TRUE
531392,1195,TRUE
589678,95,TRUE
617125,745,TRUE
789505,745,TRUE
134525,175,TRUE
296708,99,TRUE
758650,895,TRUE
776528,255,TRUE
113885,45,TRUE
144150,545,TRUE
716285,395,TRUE
647199,135,TRUE
643514,49,TRUE
261100,545,TRUE
169065,145,TRUE
286224,200,TRUE
850804,245,TRUE
740672,175,TRUE
819884,17,TRUE
963852,449,TRUE
550279,245,TRUE
356525,103,TRUE
415064,69,TRUE
340882,40,TRUE
555981,1045,TRUE
252238,2495,TRUE
640143,199,TRUE
269921,10,TRUE
467549,80,TRUE
550953,645,TRUE
943177,795,TRUE
727099,795,TRUE
256759,320,TRUE
686227,165,TRUE
101457,785,TRUE
115497,16.2,TRUE
733255,39,TRUE
631862,1578,TRUE
574202,1495,TRUE
316740,445,TRUE
114968,1470,TRUE
679208,235,TRUE
588923,275,TRUE
252716,199,TRUE
150571,75,TRUE
165061,15,TRUE
264972,375,TRUE
267972,40,TRUE
555742,245,TRUE
793150,175,TRUE
440044,995,TRUE
981261,795,FALSE
470739,395,TRUE
868659,175,TRUE
568202,745,TRUE
997737,17,TRUE
184148,35,TRUE
999895,49,TRUE
231383,75,TRUE
173115,105,TRUE
893051,1895,TRUE
752248,750,TRUE
864945,1495,TRUE
213706,709,TRUE
677660,895,TRUE
617160,29,TRUE
604546,90,TRUE
622761,189,TRUE
700993,320,TRUE
803476,356,TRUE
740175,550,TRUE
314977,45,TRUE
733461,995,TRUE
996114,75,TRUE
541751,172,TRUE
650922,145,TRUE
267657,170,TRUE
230948,995,TRUE
243422,200,TRUE
541962,550,TRUE
493073,99,TRUE
323358,89,TRUE
818058,645,TRUE
697695,395,TRUE
406284,295,TRUE
371785,450,TRUE
104537,385,TRUE
505986,3196,TRUE
961641,29,TRUE
580347,29,TRUE
177973,95,TRUE
722270,125,TRUE
411511,995,TRUE
832558,19,TRUE
724997,549,TRUE
101371,709,TRUE
529676,795,TRUE
667629,395,TRUE
830257,150,TRUE
539567,175,TRUE
885835,837,TRUE
463666,476,TRUE
190945,115,TRUE
624055,225,TRUE
413248,45,TRUE
667982,249,TRUE
882897,175,TRUE
105757,995,TRUE
477298,125,TRUE
316596,85,TRUE
121180,30,TRUE
100526,1095,TRUE
741690,295,TRUE
636977,225,TRUE
421338,25,TRUE
101501,695,TRUE
701459,129,TRUE
684164,59,TRUE
578397,925,TRUE
428618,1095,TRUE
427634,695,TRUE
474727,745,TRUE
164875,995,TRUE
753831,145,TRUE
603611,100,TRUE
562324,100,TRUE
646982,100,TRUE
992782,3245,TRUE
700882,365,TRUE
180014,3635,TRUE
292492,6028,TRUE
350454,3249,TRUE
500920,110,TRUE
258555,240,TRUE
699311,1660,TRUE
411020,1740,TRUE
779582,1030,TRUE
224320,2770,TRUE
744808,865,TRUE
757124,1100,TRUE
969978,437,TRUE
237540,434,TRUE
850794,1675,TRUE
992335,6965,TRUE
957252,2450,TRUE
610757,545,TRUE
414499,385,TRUE
418807,1675,TRUE
696107,75,TRUE
184454,6545,TRUE
874380,1824.5,TRUE
639247,1516,TRUE
328481,1469,TRUE
939691,370,TRUE
891808,185,TRUE
860110,390,TRUE
299755,480,TRUE
105376,295,TRUE
889232,579,TRUE
702142,1695,TRUE
235376,5260,TRUE
332856,660,TRUE
772038,775,TRUE
737519,365,TRUE
531650,795,TRUE
185780,920,TRUE
920441,1540,TRUE
901130,1280,TRUE
374799,1640,TRUE
947427,2205.5,TRUE
254615,4070,TRUE
268566,645,TRUE
503916,830,TRUE
394859,1395,TRUE
326264,1025,TRUE
694873,465,TRUE
251590,840,TRUE
453552,5428,TRUE
794169,395,TRUE
319049,4745,TRUE
346411,356,TRUE
345019,1676,TRUE
232413,7785,TRUE
173730,2384,TRUE
534533,1679,TRUE
696569,323,TRUE
451658,1395,TRUE
136393,545,TRUE
725853,1060,TRUE
235180,4116,TRUE
420952,2300,TRUE
743887,398,TRUE
973946,3896,TRUE
759872,4604,TRUE
313122,3595,TRUE
538018,4270,TRUE
537306,1385,TRUE
162450,5465,TRUE
276918,1105,TRUE
491469,2370,TRUE
139237,4190,TRUE
478317,2945,TRUE
155155,1870,TRUE
327335,1578,TRUE
688707,1600,TRUE
543427,1389,TRUE
534460,1010,TRUE
146830,1769,TRUE
158425,3442,TRUE
537714,3140,TRUE
596175,1838,TRUE
971288,3102,TRUE
766441,3875,TRUE
873681,6180,TRUE
171449,1245,FALSE
606845,4265,TRUE
839023,1340,TRUE
545988,1636,TRUE
575373,889,TRUE
514948,1676,TRUE
832363,820,TRUE
429501,1260,TRUE
417264,310,TRUE
402511,795,TRUE
553860,1400,TRUE
464123,960,TRUE
426912,2832,TRUE
444371,930,TRUE
386673,195,TRUE
290208,2375,TRUE
462538,1324,TRUE
882178,3345,TRUE
912286,695,TRUE
110455,3055,TRUE
110178,3115,TRUE
929184,728,TRUE
914145,3190,TRUE
924234,2525,TRUE
451606,1606,TRUE
435253,1765,TRUE
504235,1725,TRUE
890394,175,TRUE
459936,475,TRUE
278508,125,TRUE
640344,384,TRUE
608405,2495,TRUE
629782,840,TRUE
797900,25,TRUE
998519,150,TRUE
253058,1645,TRUE
835840,545,TRUE
898952,6160,TRUE
132889,1725,TRUE
145030,119,TRUE
830506,150,TRUE
837962,250,TRUE
379244,785,TRUE
803519,49,TRUE
410267,175,TRUE
426588,445,TRUE
412356,19,TRUE
576178,395,TRUE
704826,175,TRUE
817737,99,TRUE
944698,225,TRUE
869027,1196,TRUE
876134,59,TRUE
894610,100,TRUE
930553,175,TRUE
143695,175,TRUE
686690,17,TRUE
593248,295,TRUE
829528,420,TRUE
538190,125,TRUE
651809,110,TRUE
811053,295,TRUE
380747,75,TRUE
900977,700,TRUE
824885,2100,TRUE
827338,725,TRUE
632200,795,TRUE
231703,50,TRUE
870521,245,TRUE
110622,1195,TRUE
980794,495,TRUE
276331,720,TRUE
611157,25,TRUE
995179,695,TRUE
503093,100,TRUE
334060,100,TRUE
417283,15,TRUE
312704,745,TRUE
941885,556,TRUE
997672,295,TRUE
661845,1276,TRUE
919020,556,TRUE
818189,395,TRUE
986888,100,TRUE
181310,175,TRUE
929722,199,TRUE
642654,1250,TRUE
835671,49,TRUE
206237,49,TRUE
843353,645,TRUE
507947,22,TRUE
853447,295,TRUE
193898,100,TRUE
206444,95,TRUE
548515,745,TRUE
395220,795,TRUE
163939,32,TRUE
558454,160,TRUE
412049,50,TRUE
897915,280,TRUE
852339,515,TRUE
487745,595,TRUE
513149,175,TRUE
983590,345,TRUE
960987,45,TRUE
742468,545,TRUE
605502,39,TRUE
486367,395,TRUE
174370,35,TRUE
666431,595,TRUE
906283,39,TRUE
284792,75,TRUE
945711,75,TRUE
375300,495,TRUE
274087,495,TRUE
829921,295,TRUE
146418,2100,TRUE
826414,695,TRUE
557790,425,TRUE
164763,340,TRUE
939773,550,TRUE
983260,495,TRUE
607649,495,TRUE
245216,495,TRUE
665054,240,TRUE
231458,345,TRUE
112452,22,TRUE
846949,116,TRUE
485997,995,TRUE
350732,95,TRUE
282070,795,TRUE
704705,45,TRUE
158478,596,TRUE
980322,435,TRUE
293040,295,TRUE
302048,895,TRUE
582449,595,TRUE
132725,115,TRUE
933908,250,TRUE
841569,195,TRUE
734353,16,TRUE
318042,30,TRUE
516485,2795,TRUE
662625,95,TRUE
248042,15,FALSE
435496,195,TRUE
858394,1295,TRUE
268691,1045,TRUE
500633,79,TRUE
721641,2100,TRUE
340092,375,TRUE
883401,25,TRUE
334947,35,TRUE
159758,27,TRUE
497643,729,TRUE
831859,262.5,TRUE
635318,995,TRUE
823420,895,TRUE
795521,25,TRUE
363653,25,TRUE
284345,149,TRUE
855602,125,TRUE
144015,200,TRUE
988777,95,TRUE
816509,25,TRUE
599973,695,TRUE
939166,240,TRUE
977828,675,TRUE
101436,495,TRUE
137682,995,FALSE
925285,225,TRUE
476978,145,TRUE
672073,595,TRUE
163994,360,TRUE
882977,150,TRUE
465306,345,TRUE
194618,245,TRUE
180451,200,TRUE
613337,475,TRUE
374575,99,TRUE
261281,4030,TRUE
417586,2650,TRUE
719419,445,TRUE
406444,1445,TRUE
293935,1060,TRUE
885144,460,TRUE
356639,4870,TRUE
949571,875,TRUE
309456,995,TRUE
126715,1245,TRUE
230371,2000,TRUE
611463,2656,TRUE
743423,919,TRUE
748481,985,TRUE
412306,825,TRUE
293555,245,TRUE
312930,435,TRUE
254097,870,TRUE
971246,1495,TRUE
717407,3310,TRUE
424417,790,TRUE
964390,325,TRUE
753178,255,TRUE
495633,1035,TRUE
677804,1540,TRUE
110257,175,TRUE
684843,490,TRUE
151683,410,TRUE
863174,1846,TRUE
195595,1327,TRUE
495405,1410,TRUE
112332,3775,TRUE
768508,2165,TRUE
617488,2765,TRUE
192479,1490,TRUE
390371,575,TRUE
574364,5500,TRUE
525374,460,TRUE
560686,425,TRUE
809397,590,TRUE
346858,1560,TRUE
193099,1220,TRUE
611030,1075,TRUE
238498,4785,TRUE
665350,950,TRUE
877690,3206,TRUE
810849,425,TRUE
698554,145,TRUE
931173,995,TRUE
360314,4865,TRUE
971147,2200,TRUE
412956,5040,TRUE
130483,795,TRUE
220345,3227,TRUE
251423,1900,TRUE
859951,5553,TRUE
740508,5840,TRUE
762355,2495,TRUE
685079,1395,TRUE
635985,5345,TRUE
921465,3388,TRUE
642761,1139,TRUE
790908,2345,TRUE
686903,2615,TRUE
974241,197,TRUE
119725,2480,TRUE
454796,3015,TRUE
275020,3140,TRUE
914480,965,TRUE
627333,465,TRUE
473799,1719,TRUE
857244,1578,TRUE
268587,1100,TRUE
654102,3781,TRUE
978714,2875,TRUE
770533,841,TRUE
282038,540,TRUE
568364,289,TRUE
765837,2075,TRUE
479456,2075,TRUE
286173,1140,TRUE
383271,1636,TRUE
898634,1085,TRUE
828040,2156,TRUE
686804,1470,TRUE
756670,1772.5,TRUE
488825,4305,TRUE
389131,965,TRUE
986772,1670,TRUE
665625,225,TRUE
814176,2495,TRUE
611801,2675,TRUE
780235,2275,TRUE
778017,405,TRUE
795106,4645,TRUE
572314,3162,TRUE
822702,2265,TRUE
250888,3460,TRUE
664019,3227,TRUE
202213,3905,TRUE
719800,979,TRUE
759396,589,TRUE
791184,1195,TRUE
532862,5865,TRUE
557363,3935,TRUE
624810,1260,TRUE
534498,1980,TRUE
958911,145,TRUE
425384,995,TRUE
683050,179,TRUE
208955,28,TRUE
509415,395,TRUE
334114,275,TRUE
135066,2275,TRUE
260058,1195,TRUE
929149,895,TRUE
868174,145,TRUE
387525,550,TRUE
120314,345,TRUE
371678,345,TRUE
170918,25,TRUE
665356,345,TRUE
617009,545,TRUE
552811,195,TRUE
542899,149,TRUE
692119,245,TRUE
843161,99,TRUE
233535,180,TRUE
353900,545,TRUE
166075,795,TRUE
972878,795,TRUE
742748,25,TRUE
712051,745,TRUE
950391,1445,TRUE
406533,425,TRUE
436104,145,TRUE
430118,75,TRUE
319353,395,TRUE
376671,69,TRUE
123065,245,TRUE
273289,575,TRUE
686371,195,TRUE
818204,111,TRUE
427143,15,TRUE
216779,75,TRUE
845589,95,TRUE
985103,89,TRUE
829582,260,TRUE
743483,150,TRUE
233911,60,TRUE
554434,50,TRUE
493159,35,TRUE
922168,475,TRUE
556681,70,TRUE
241362,345,TRUE
285622,1395,TRUE
125139,1495,TRUE
169346,159,TRUE
190575,45,TRUE
698214,225,TRUE
139074,145,TRUE
790691,205,TRUE
357948,305,TRUE
943492,50,TRUE
342437,425,TRUE
500929,595,TRUE
623165,395,TRUE
128813,795,TRUE
890234,87,TRUE
251550,5436,TRUE
688868,22,TRUE
538716,25,TRUE
779208,275,TRUE
806196,25,TRUE
772427,70,TRUE
475171,995,TRUE
849569,139,TRUE
434739,34,TRUE
195255,59,TRUE
192770,59,TRUE
368954,1495,TRUE
685837,1995,TRUE
961441,225,TRUE
929811,345,TRUE
154806,400,TRUE
883020,200,TRUE
746363,45.5,TRUE
419899,1495,TRUE
797120,65,TRUE
585575,299,TRUE
530250,70,TRUE
277549,75,TRUE
372064,60,TRUE
938422,350,TRUE
644988,695,TRUE
535744,95,TRUE
984886,1295,TRUE
516994,475,TRUE
102701,796,TRUE
985952,495,TRUE
436267,395,TRUE
900668,2320,TRUE
873476,645,TRUE
359595,145,TRUE
349110,345,TRUE
905629,45,TRUE
992447,75,TRUE
468689,175,TRUE
656028,35,TRUE
829161,300,TRUE
380263,1295,TRUE
501008,595,TRUE
599437,595,TRUE
260059,975,TRUE
187605,395,TRUE
501058,1795,TRUE
219620,476,TRUE
442520,495,TRUE
240433,399,TRUE
433033,2697,TRUE
304769,225,TRUE
291771,20,TRUE
484985,595,TRUE
468600,695,TRUE
746233,125,TRUE
250098,10,FALSE
447879,945,TRUE
127998,545,TRUE
323264,350,TRUE
923969,695,TRUE
547918,700,TRUE
332228,15,TRUE
496324,29,TRUE
349215,35,TRUE
163627,495,TRUE
952382,39,TRUE
947043,39,TRUE
538547,300,TRUE
935950,150,TRUE
184238,399,TRUE
612993,350,TRUE
676292,716,TRUE
936157,716,TRUE
196569,595,TRUE
422463,1295,TRUE
998686,145,TRUE
717307,150,TRUE
563038,70,TRUE
147485,85,TRUE
237655,15,TRUE
632308,995,TRUE
965208,449,TRUE
459565,345,TRUE
308649,150,TRUE
500959,50,TRUE
318033,345,TRUE
670936,375,TRUE
397342,39,FALSE
213013,265,TRUE
247256,300,TRUE
142047,1325,TRUE
489120,2475,TRUE
633849,179,TRUE
328507,2645,TRUE
547466,1060,TRUE
401108,1995,TRUE
554859,460,TRUE
225235,564,TRUE
707952,384,TRUE
211808,195,TRUE
504802,1595,TRUE
580939,350,TRUE
745080,3875,TRUE
852446,295,TRUE
470803,425,TRUE
895558,1750,TRUE
511553,755,TRUE
872158,1174,TRUE
260850,1926,TRUE
838806,1245,TRUE
458573,244,TRUE
830059,1629,TRUE
660993,1196,TRUE
364757,596,TRUE
656825,3340,TRUE
530589,1860,TRUE
564112,1181,TRUE
151406,385,TRUE
637477,356,TRUE
399300,275,TRUE
892022,500,TRUE
391629,720,TRUE
742500,295,TRUE
688828,620,TRUE
653341,1575,TRUE
289169,2765,TRUE
345286,2765,TRUE
782007,275,TRUE
290461,2765,TRUE
821440,595,TRUE
916232,900,TRUE
421086,2020,TRUE
150258,1510,TRUE
215747,960,TRUE
620630,585,TRUE
856402,2975,TRUE
669707,1295,TRUE
806057,1475,TRUE
768703,595,TRUE
936305,400,TRUE
999455,3746,TRUE
773798,6895,TRUE
696933,995,TRUE
782453,850,TRUE
264909,365,TRUE
641360,2700,TRUE
111019,4100,TRUE
345767,4783,TRUE
963752,2895,TRUE
533343,7748,TRUE
550060,544.4,TRUE
984440,275,TRUE
166954,636,TRUE
672239,3925,TRUE
260896,8495,TRUE
751733,6095,TRUE
932749,1800,TRUE
659720,6395,TRUE
306168,2781,TRUE
953277,620,TRUE
232782,1220,TRUE
424294,456,TRUE
778867,2696,TRUE
313995,5300,TRUE
636122,3120,TRUE
955107,1240,TRUE
861894,3355,TRUE
699623,94,TRUE
866724,939,TRUE
412731,1760,TRUE
990785,4888,TRUE
691134,450,TRUE
694301,1500,TRUE
950868,6614,TRUE
555347,1266,TRUE
918696,2575,TRUE
940567,195,TRUE
369710,995,TRUE
476257,225,TRUE
965936,1400,TRUE
767923,4345,TRUE
200046,195,TRUE
803956,2176,TRUE
708478,3165,TRUE
969994,2395,TRUE
883387,3960,TRUE
461929,3540,TRUE
237645,195,TRUE
803208,3222,TRUE
303636,1695,TRUE
902173,1840,TRUE
426076,6065,TRUE
433983,502,TRUE
382875,435,TRUE
595193,890,TRUE
403816,2990,TRUE
721289,385,TRUE
574368,285,TRUE
874145,495,TRUE
737628,565,TRUE
919880,1210,TRUE
596662,493,TRUE
572638,235,TRUE
525437,295,TRUE
736347,9,TRUE
893664,245,TRUE
660108,195,TRUE
239529,645,TRUE
616623,395,TRUE
572411,395,TRUE
702819,375,TRUE
735400,125,TRUE
911378,135,TRUE
577179,325,TRUE
563537,550,TRUE
672815,140,TRUE
252867,25,TRUE
953332,1095,TRUE
730148,425,TRUE
835075,395,TRUE
829146,549,TRUE
814267,1095,TRUE
372501,395,TRUE
175728,129,TRUE
964549,690,TRUE
127574,1545,TRUE
938807,69,TRUE
380055,311.4,TRUE
874844,875,TRUE
895926,237,TRUE
105686,103,TRUE
613076,125,TRUE
594640,55,TRUE
954267,15,TRUE
145075,115,TRUE
186230,100,TRUE
385078,150,TRUE
551756,675,TRUE
645787,349,TRUE
445391,280,TRUE
272326,325,TRUE
669423,10,TRUE
805166,107.4,TRUE
918995,525,TRUE
121009,155,TRUE
876388,645,TRUE
613919,100,TRUE
344745,175,TRUE
186928,195,TRUE
153148,35,TRUE
156845,25,TRUE
663026,45,TRUE
721424,465,TRUE
167339,110,TRUE
292399,450,TRUE
663635,125,TRUE
863731,50,FALSE
286280,327,TRUE
195326,35,TRUE
439633,35,TRUE
830956,1645,TRUE
781941,195,TRUE
457181,190,TRUE
583197,295,TRUE
549939,25,TRUE
238050,25,TRUE
521451,300,TRUE
759508,445,TRUE
197588,177,TRUE
591262,129,TRUE
207667,29,TRUE
526458,29,TRUE
853356,375,TRUE
356612,45,TRUE
488598,2295,TRUE
972140,345,TRUE
397077,140,TRUE
365160,80,TRUE
990151,175,TRUE
719255,595,TRUE
614160,316,TRUE
539377,145,TRUE
899522,215,TRUE
850949,745,TRUE
773709,316,TRUE
359509,129,TRUE
373518,356,TRUE
913990,395,TRUE
338235,595,TRUE
530561,59,TRUE
654577,35,TRUE
716349,995,TRUE
788671,250,TRUE
315530,445,TRUE
307531,695,TRUE
917316,100,TRUE
936511,177,TRUE
402995,2295,TRUE
685491,49,TRUE
970400,395,TRUE
711556,796,TRUE
997218,135,TRUE
778713,275,TRUE
950488,395,TRUE
797252,299,TRUE
350878,345,TRUE
961742,275,TRUE
629507,595,TRUE
242935,50,TRUE
164504,15,FALSE
352820,345,TRUE
767698,39,FALSE
298106,995,TRUE
165846,537,TRUE
294936,175,TRUE
945949,385,TRUE
310653,1315,TRUE
171248,665,TRUE
557268,1845,TRUE
874139,477,TRUE
194274,2580,TRUE
685811,245,TRUE
810195,395,TRUE
927136,6965,TRUE
151545,270,TRUE
873926,1425,TRUE
315058,175,TRUE
737082,678,TRUE
688181,924,TRUE
824075,1538,TRUE
226632,519,TRUE
360204,1099,TRUE
619853,4055,TRUE
876876,3875,TRUE
993936,820,TRUE
526142,8295,TRUE
551590,245,TRUE
629137,980,TRUE
883381,1315,TRUE
194116,775,TRUE
816024,415,TRUE
911011,415,TRUE
950027,255,TRUE
459504,1176,TRUE
711766,1280,TRUE
970695,1600,TRUE
858021,565,TRUE
489521,925,TRUE
103084,2025,TRUE
571648,5240,TRUE
202637,555,TRUE
753392,675,TRUE
152383,1220,TRUE
116051,382,TRUE
468171,1280,TRUE
863714,5275,TRUE
982052,3493,TRUE
921281,2165,TRUE
175628,395,TRUE
928682,1225,TRUE
962474,150,TRUE
613791,59,TRUE
828512,2725,TRUE
679651,2725,TRUE
486872,745,TRUE
747713,3760,TRUE
624042,1075,TRUE
560575,4545,TRUE
900912,7400,TRUE
364263,2500,TRUE
303442,6440,TRUE
337136,3900,TRUE
525276,275,TRUE
406306,3760,TRUE
379482,8380,TRUE
694264,4770,TRUE
335219,7873,TRUE
685421,1727,TRUE
576346,4145,TRUE
703982,1995,TRUE
812188,5995,TRUE
816692,2295,TRUE
762552,4265,TRUE
803428,2932,TRUE
801489,1635,TRUE
271501,500,TRUE
531148,6110,TRUE
643139,520,TRUE
448015,680,TRUE
367863,375,TRUE
689765,2920,TRUE
880112,1295,TRUE
729538,3845,TRUE
484123,205,TRUE
185205,1290,TRUE
277839,1690,TRUE
717759,1350,TRUE
118617,3064,TRUE
217446,6608,TRUE
611951,1961,TRUE
772297,1095,TRUE
710079,2358,TRUE
275710,974,TRUE
829020,135,TRUE
660938,1395,TRUE
380700,140,TRUE
309026,1000,TRUE
638513,2370,TRUE
824868,2960,TRUE
968586,310,TRUE
256917,3410,TRUE
896242,1773,TRUE
685760,275,TRUE
868678,1875,TRUE
770198,4265,TRUE
361537,2395,TRUE
957172,3394,TRUE
486052,589,TRUE
434097,3590,TRUE
738239,2397,TRUE
528885,2710,TRUE
970143,3113,TRUE
701781,2100,TRUE
335896,785,TRUE
919508,1835,TRUE
146771,1940,TRUE
606002,1259,TRUE
751347,139,TRUE
555017,95,TRUE
654438,375,TRUE
996516,995,TRUE
266465,475,TRUE
120692,325,TRUE
450354,795,TRUE
947826,199,TRUE
942233,100,TRUE
679096,475,TRUE
391906,15,TRUE
959927,149,TRUE
528394,195,TRUE
528688,195,TRUE
267665,19,TRUE
722253,59,TRUE
686172,275,TRUE
136128,39,TRUE
935089,125,TRUE
611901,3560,TRUE
577992,309,TRUE
351894,475,TRUE
749853,645,TRUE
154217,30,TRUE
908963,1695,TRUE
764510,149,TRUE
245264,1196,TRUE
463161,170,TRUE
779274,180,TRUE
919588,1295,TRUE
559768,295,TRUE
218692,100,TRUE
360225,15,TRUE
120123,195,TRUE
322870,745,TRUE
382391,545,TRUE
784087,945,TRUE
319465,895,TRUE
992416,80,TRUE
105559,795,TRUE
810447,115,TRUE
832598,22,TRUE
979631,395,TRUE
865417,2275,TRUE
282958,100,TRUE
497244,100,TRUE
570373,50,TRUE
651483,30,TRUE
695947,417,TRUE
400275,1516,TRUE
716603,19,TRUE
715798,395,TRUE
499964,125,TRUE
571368,250,TRUE
161069,385,TRUE
891327,89,TRUE
945629,22,TRUE
778354,15,TRUE
279983,1895,TRUE
370901,495,TRUE
284367,35,TRUE
549857,345,TRUE
694775,330,TRUE
519413,22,TRUE
750342,50,TRUE
315561,129,TRUE
204259,225,TRUE
771917,796,TRUE
602741,57,TRUE
943153,795,TRUE
805399,35,TRUE
617025,795,TRUE
513984,84,TRUE
991114,495,TRUE
862140,220,TRUE
187201,95,TRUE
537084,45,TRUE
973852,825,TRUE
322504,129,TRUE
616216,59,TRUE
137874,320,TRUE
630313,595,TRUE
556127,1495,TRUE
284405,519,TRUE
936910,795,TRUE
804355,80,TRUE
145169,95,TRUE
810187,17.4,TRUE
183555,375,TRUE
269208,300,TRUE
661200,445,TRUE
332163,475,TRUE
701897,595,TRUE
467309,100,TRUE
651670,555,TRUE
738026,495,TRUE
377564,600,TRUE
475368,149,TRUE
144999,175,TRUE
316668,75,TRUE
385930,75,TRUE
426585,695,TRUE
725922,22,TRUE
317019,60,TRUE
380551,35,TRUE
208044,60,TRUE
737211,495,TRUE
648866,595,TRUE
300392,495,TRUE
804041,225,TRUE
622771,101.5,TRUE
364525,295,TRUE
607138,115,TRUE
891951,1845,TRUE
647400,60,TRUE
139501,60,TRUE
647266,195,TRUE
542439,150,TRUE
384117,299,TRUE
334504,399,TRUE
941264,245,TRUE
154724,695,TRUE
793231,175,TRUE
806809,245,TRUE
157260,140,TRUE
581164,895,TRUE
699437,190,TRUE
374071,2950,TRUE
457076,495,TRUE
389615,1220,TRUE
967211,530,TRUE
669295,1280,TRUE
188748,420,TRUE
360108,2695,TRUE
811250,2085,TRUE
324442,2095,TRUE
822997,1231,TRUE
423931,444,TRUE
830522,1301,TRUE
323164,1215,TRUE
145052,1795,TRUE
416607,1395,TRUE
724112,695,TRUE
730754,2595,TRUE
583825,695,TRUE
298500,1390,TRUE
653682,1515,TRUE
683905,2285,TRUE
225587,385,TRUE
594111,1176,TRUE
824873,660,TRUE
330498,865,TRUE
451431,2410,TRUE
968019,1585,TRUE
849912,1695,TRUE
207354,1149,FALSE
518318,1975,TRUE
343182,4565,TRUE
190094,1975,TRUE
638647,1975,TRUE
603396,1975,TRUE
161547,775,TRUE
100025,1285,TRUE
495579,5465,TRUE
434099,2765,TRUE
606973,459,TRUE
551258,580,TRUE
969659,3300,TRUE
407772,1360,TRUE
411173,3795,TRUE
987250,745,TRUE
737344,730,TRUE
118873,675,TRUE
113466,29.4,TRUE
707214,1225,TRUE
569523,88,TRUE
788899,810,TRUE
358313,3190,TRUE
593953,6575,TRUE
448448,2045,TRUE
667618,5600,TRUE
909243,6000,TRUE
683669,6295,TRUE
119150,3100,TRUE
403372,665,TRUE
305180,925,TRUE
958529,2385,TRUE
201215,5810,TRUE
309325,4265,TRUE
930573,920,TRUE
357831,1320,TRUE
655372,4390,TRUE
310884,1160,TRUE
884976,844,TRUE
546164,1044,TRUE
531811,1325,TRUE
964271,6030,TRUE
256068,8395,TRUE
359583,1000,TRUE
705117,2380,TRUE
733756,2350,TRUE
143722,1735.5,TRUE
537199,2187,TRUE
664024,3286,TRUE
845879,1035,TRUE
145876,1976,TRUE
118453,1085,TRUE
934021,915,TRUE
587263,2575,TRUE
216895,2610,TRUE
616434,225,TRUE
335816,3162,TRUE
520568,2176,TRUE
667639,1092,TRUE
551969,2740,TRUE
950798,2535,TRUE
488337,355,TRUE
606153,979,TRUE
673881,2246,TRUE
735267,950,TRUE
378422,210,TRUE
204012,2255,TRUE
312689,3985,TRUE
280658,265,TRUE
305559,2945,TRUE
291091,200,FALSE
747753,199,TRUE
551821,5,TRUE
930936,89,TRUE
969260,195,TRUE
123626,225,TRUE
908954,275,TRUE
238381,945,TRUE
826231,205,TRUE
750111,179,TRUE
838602,29,TRUE
741700,995,TRUE
300412,195,TRUE
618162,895,TRUE
909488,595,TRUE
555896,695,TRUE
757703,195,TRUE
694103,795,TRUE
575933,145,TRUE
159478,149,TRUE
475096,17,TRUE
456031,35.4,TRUE
575974,357,TRUE
854334,260,TRUE
587891,595,TRUE
478931,995,TRUE
783983,175,TRUE
875584,345,TRUE
292998,175,TRUE
476749,103,TRUE
809827,100,TRUE
641827,695,TRUE
930800,475,TRUE
408274,125,TRUE
956819,545,TRUE
294817,595,TRUE
520281,325,TRUE
535398,725,TRUE
352309,245,TRUE
786148,125,TRUE
529013,320,TRUE
877121,280,TRUE
853329,195,TRUE
509139,395,TRUE
461461,27,TRUE
355931,125,TRUE
204509,19,TRUE
147162,55,TRUE
820445,346.5,TRUE
911146,295,TRUE
748261,70,TRUE
106506,275,TRUE
882950,1995,TRUE
577141,995,TRUE
264179,795,TRUE
295525,80,TRUE
774511,175,TRUE
258269,29,TRUE
692593,49,TRUE
695105,99,TRUE
765259,60,TRUE
278234,225,TRUE
302897,51,TRUE
790322,395,TRUE
924383,395,TRUE
323088,645,TRUE
413381,695,TRUE
600985,155,TRUE
918165,29,TRUE
202149,276,TRUE
565635,995,TRUE
162351,39,TRUE
730348,495,TRUE
395708,1100,TRUE
976235,159,TRUE
510190,340,TRUE
747025,69,TRUE
202428,495,TRUE
828985,2396,TRUE
873649,129,TRUE
151258,845,TRUE
259111,200,TRUE
574325,1295,TRUE
372245,395,TRUE
987818,50,TRUE
407461,245,TRUE
660980,695,TRUE
488109,1995,TRUE
294677,675,TRUE
429752,1036,TRUE
550655,575,TRUE
965955,445,TRUE
299908,1345,TRUE
207125,225,TRUE
400226,195,TRUE
722160,100,TRUE
314857,60,TRUE
936566,2395,TRUE
272404,45,TRUE
306470,100,TRUE
367817,595,TRUE
760310,195,TRUE
982685,95,TRUE
606622,175,FALSE
877998,245,TRUE
353654,139,TRUE
531084,275,TRUE
980823,4240,TRUE
473006,285,TRUE
597374,745,TRUE
589081,125,TRUE
664253,1834,TRUE
383275,6024,TRUE
493150,410,TRUE
886717,2805,TRUE
685471,675,TRUE
361763,1685,TRUE
723207,1300,TRUE
548072,1295,TRUE
188716,4935,TRUE
550510,615,TRUE
418066,635,TRUE
830636,1545,TRUE
433747,2995,TRUE
275310,890,TRUE
750066,2892,TRUE
604696,650,TRUE
605759,774,TRUE
206557,359,TRUE
470682,1675,TRUE
879340,1535,TRUE
332052,2176,TRUE
864689,220,TRUE
923097,1590,TRUE
679185,1786,TRUE
774789,1090,TRUE
498080,2930,TRUE
519505,428,TRUE
494852,1081,TRUE
371844,1320,TRUE
984366,1390,TRUE
217223,111,TRUE
262485,440,TRUE
504138,1841,TRUE
612078,1910,TRUE
581896,3060,TRUE
856979,685,TRUE
916126,1640,TRUE
372382,200,TRUE
427952,2765,TRUE
953519,1860,TRUE
562816,1320,TRUE
573566,500,TRUE
419272,620,TRUE
379896,1385,TRUE
495140,195,TRUE
176941,2296,TRUE
535246,297,TRUE
140442,600,TRUE
832213,2620,TRUE
315388,200,TRUE
332284,4585,TRUE
315291,4800,TRUE
789847,5800,TRUE
337322,2695,TRUE
799488,3108,TRUE
477389,3395,TRUE
766031,2792.8,TRUE
514502,150,TRUE
665016,676,TRUE
365035,4175,TRUE
371255,1950,TRUE
259553,1225,TRUE
831305,3032,TRUE
881178,995,TRUE
971685,2500,TRUE
274462,1395,TRUE
307694,2235,TRUE
777305,4215,TRUE
544355,4265,TRUE
724470,499,TRUE
793913,9585,TRUE
505616,1015,TRUE
922618,1610,TRUE
729761,320,TRUE
939550,640,TRUE
840851,905,TRUE
993186,2775,TRUE
634078,3805,TRUE
367977,3240,TRUE
936731,1260,TRUE
546165,800,TRUE
665471,579,TRUE
743403,1039,TRUE
547526,1200,TRUE
200559,1815,TRUE
151646,5465,TRUE
310898,450,TRUE
637880,3664,TRUE
753127,70,TRUE
764112,1899.5,TRUE
260133,2665,TRUE
316091,1695,TRUE
364082,4675,TRUE
738667,1700,TRUE
219326,675,TRUE
921174,3360,TRUE
360097,1820,TRUE
993437,920,TRUE
100488,1611,TRUE
226794,2412,TRUE
113408,2865,TRUE
778318,795,TRUE
920513,3345,TRUE
835775,180,TRUE
969198,350,TRUE
142786,405,TRUE
428369,1300,TRUE
398276,1870,TRUE
603529,1940,TRUE
725763,4200,TRUE
217475,3775,TRUE
216968,2190,TRUE
215631,2125,TRUE
555154,995,TRUE
578694,1245,TRUE
598084,1830,TRUE
193659,225,TRUE
316875,2255,TRUE
313757,1350,TRUE
863063,155,TRUE
586948,4230,TRUE
901674,550,TRUE
394971,155,TRUE
670053,554,TRUE
782999,324,TRUE
472569,645,TRUE
108221,10,TRUE
719027,695,TRUE
324015,745,TRUE
229166,45,TRUE
559679,275,TRUE
991767,69,TRUE
794678,70,TRUE
841338,125,TRUE
590865,245,TRUE
911050,445,TRUE
984635,276,TRUE
326146,179,TRUE
541307,205,TRUE
725515,165,TRUE
377032,249,TRUE
112289,225,TRUE
261582,159,TRUE
495556,79,TRUE
401263,95,TRUE
566269,476,TRUE
862332,645,TRUE
885484,6680,TRUE
727755,225,TRUE
435593,225,TRUE
615052,339,TRUE
820476,177,TRUE
717042,595,TRUE
868053,25,TRUE
896155,75,TRUE
900623,11.4,TRUE
877789,75,TRUE
546033,299,TRUE
330605,100,TRUE
560259,345,TRUE
326293,2375,TRUE
393023,225,TRUE
372235,399,TRUE
670552,300,TRUE
513521,225,TRUE
328541,139,TRUE
998680,150,TRUE
736917,205,TRUE
305894,103,TRUE
538475,100,TRUE
393291,25,TRUE
311245,84,TRUE
868737,210,TRUE
485256,55,TRUE
449053,125,TRUE
562395,195,TRUE
643199,99,TRUE
345373,155,TRUE
426295,22,TRUE
239203,27,TRUE
124680,49,TRUE
859599,695,TRUE
734459,3,TRUE
127492,175,TRUE
422377,27,TRUE
741846,35,TRUE
542308,17,TRUE
257156,225,TRUE
223505,225,TRUE
797714,600,TRUE
903887,79,TRUE
395199,995,TRUE
591026,845,TRUE
983759,345,TRUE
851976,149,TRUE
191423,475,TRUE
392819,1495,TRUE
702365,545,TRUE
241772,295,TRUE
662321,275,FALSE
371055,89,TRUE
659979,49,TRUE
204367,395,TRUE
883742,495,TRUE
199739,297.5,TRUE
416069,59,TRUE
475115,695,TRUE
258685,140,TRUE
650091,125,TRUE
403002,945,TRUE
865529,14.4,TRUE
662120,15,TRUE
497241,30,TRUE
480833,1495,TRUE
381099,995,TRUE
788449,845,TRUE
172758,1600,TRUE
813974,900,TRUE
385281,400,TRUE
239739,695,TRUE
397479,595,TRUE
285179,375,TRUE
390928,100,TRUE
479385,145,TRUE
819700,395,TRUE
632929,100,TRUE
804537,395,TRUE
228139,80,TRUE
500640,134,TRUE
231154,160,TRUE
932586,1196,TRUE
469869,295,TRUE
834204,20,TRUE
432859,350,TRUE
399159,595,TRUE
309677,295,TRUE
295527,327,TRUE
549867,349,TRUE
853532,206.5,TRUE
610885,100,TRUE
661062,125,TRUE
908457,149,TRUE
909553,450,TRUE
259776,245,TRUE
438948,3055,TRUE
951372,85,TRUE
234597,510,TRUE
333370,475,TRUE
744943,495,TRUE
178571,325,TRUE
688991,1645,TRUE
560359,1995,TRUE
503186,900,TRUE
822687,1645,TRUE
167088,1128,TRUE
114395,2745,TRUE
300528,1581,TRUE
110495,4295,TRUE
754615,990,TRUE
225781,420,TRUE
757794,376,TRUE
123017,235,TRUE
314671,550,TRUE
623635,430,TRUE
711207,1735,TRUE
806518,810,TRUE
138907,3065,TRUE
380637,1085,TRUE
346703,1499,TRUE
152398,350,TRUE
834740,980,TRUE
597285,1300,TRUE
177764,6780,TRUE
342475,4580,TRUE
516380,2295,TRUE
566367,340,TRUE
318703,3115,TRUE
743892,3885,TRUE
957130,300,TRUE
895010,1020,TRUE
644395,1750,TRUE
543260,1388,TRUE
785218,3225,TRUE
339905,545,TRUE
244897,995,TRUE
953969,2195,TRUE
272871,1045,TRUE
649691,1445,TRUE
949936,1895,TRUE
548624,1140,TRUE
772516,1260,TRUE
912791,5700,TRUE
576377,8900,TRUE
139577,1795,TRUE
541441,3795,TRUE
478424,275,TRUE
236644,542,TRUE
117818,2034,TRUE
123549,1550,TRUE
409558,5495,TRUE
838386,3795,TRUE
659804,1948,TRUE
139165,7988,TRUE
206020,7610,TRUE
353205,835,TRUE
290968,1385,TRUE
344817,5275,TRUE
184679,3775,TRUE
735919,1590,TRUE
155732,1850,TRUE
214395,1995,TRUE
783632,939,TRUE
290007,1000,TRUE
454744,6585,TRUE
972635,943.5,TRUE
322396,115,TRUE
912822,1976,TRUE
361148,1266,TRUE
781325,6065,TRUE
521066,2385,TRUE
944558,3695,TRUE
464643,2236,TRUE
749297,1150,TRUE
984281,2470,TRUE
711489,225,TRUE
977098,1990,TRUE
601111,3165,TRUE
782024,1195,TRUE
421025,1595,TRUE
346443,2875,TRUE
428437,2535,TRUE
219872,1445,TRUE
311381,5145,TRUE
129298,5945,TRUE
312904,2730,TRUE
785356,1890,TRUE
755956,1970,TRUE
435095,450,TRUE
422226,450,TRUE
570500,624,TRUE
433637,1510,TRUE
350074,2940,TRUE
721404,4390,TRUE
251504,2045,TRUE
902478,235,TRUE
814555,195,FALSE
182315,2975,TRUE
172451,220,TRUE
703989,30,TRUE
914457,55,TRUE
888622,299,TRUE
587661,179,TRUE
843292,175,TRUE
882869,275,TRUE
503918,695,TRUE
519109,19,TRUE
104139,175,TRUE
396160,25,TRUE
271238,145,TRUE
432827,125,TRUE
292581,519,TRUE
588563,175,TRUE
957124,245,TRUE
827210,395,TRUE
219264,15,TRUE
817864,195,TRUE
637744,945,TRUE
845024,145,TRUE
650924,445,TRUE
829534,195,TRUE
983958,620,TRUE
424871,195,TRUE
556615,2125,TRUE
634794,35,TRUE
148027,1095,TRUE
751106,625,TRUE
832010,595,TRUE
958344,69,TRUE
665630,1140,TRUE
123457,175,TRUE
445472,1395,TRUE
567626,25,TRUE
204558,395,TRUE
518565,1395,TRUE
516987,440,TRUE
137449,195,TRUE
780424,415,TRUE
540190,695,TRUE
148643,795,TRUE
200002,5.6,TRUE
179195,220,TRUE
158920,9,TRUE
962862,595,TRUE
989347,350,TRUE
938666,255,TRUE
968785,95,TRUE
595169,995,TRUE
681723,79.2,TRUE
884398,516,TRUE
976080,245,TRUE
172039,521.5,TRUE
998782,1495,TRUE
561518,95,TRUE
133173,425,TRUE
707741,550,TRUE
631558,399,TRUE
811281,795,TRUE
427504,845,TRUE
451093,1795,TRUE
748808,149,TRUE
624471,100,TRUE
313317,495,TRUE
610044,110,TRUE
945798,645,TRUE
695627,240,TRUE
910746,395,TRUE
220830,445,TRUE
153526,125,TRUE
769145,19,TRUE
724234,1400,TRUE
887182,1995,TRUE
518910,796,TRUE
803264,375,TRUE
392490,245,TRUE
745350,149,TRUE
533611,100,TRUE
348534,795,TRUE
119927,49,TRUE
280097,39,TRUE
547270,95,TRUE
614510,345,TRUE
370171,100,TRUE
109594,49,TRUE
776789,49,TRUE
355001,265,TRUE
513702,795,TRUE
812877,597,TRUE
788017,899,TRUE
245394,395,TRUE
528772,445,TRUE
556979,495,TRUE
869235,545,TRUE
323974,189,TRUE
778084,49,TRUE
898190,89,TRUE
691128,100,TRUE
467667,495,TRUE
430704,715,TRUE
947729,545,TRUE
784848,195,TRUE
921561,375,TRUE
196603,295,TRUE
483112,261,TRUE
146279,2875,TRUE
718634,860,TRUE
488000,395,TRUE
155343,325,TRUE
595485,890,TRUE
306084,5,TRUE
355304,1160,TRUE
713136,440,TRUE
728616,1518,TRUE
105248,1572,TRUE
152634,2625,TRUE
626425,665,TRUE
150642,467,TRUE
588494,620,TRUE
665956,2195,TRUE
965433,3913,TRUE
415777,1090,TRUE
450667,2710,TRUE
186310,2195,TRUE
788758,1650,TRUE
837755,495,TRUE
295092,1465,TRUE
910800,1590,TRUE
958931,2585,TRUE
297387,175,TRUE
444110,151,TRUE
712686,351,TRUE
566816,1277,TRUE
734377,1991,TRUE
218155,1400,TRUE
267211,1615,TRUE
475997,4685,TRUE
424287,1668,TRUE
601352,2055,TRUE
170670,99,TRUE
193052,295,TRUE
366365,295,TRUE
811553,439,TRUE
460432,1588,TRUE
166400,695,TRUE
930058,495,TRUE
271352,920,TRUE
607788,380,TRUE
754638,2725,TRUE
336997,1238,TRUE
748449,5275,TRUE
980286,3905,TRUE
319233,1080,TRUE
213532,693,TRUE
350404,995,TRUE
245081,4745,TRUE
879576,2170,TRUE
121760,2025,TRUE
858941,3225,TRUE
727719,345,TRUE
401112,415,TRUE
777421,695,TRUE
639969,1900,TRUE
193949,5990,TRUE
320472,895,TRUE
336540,545,TRUE
527685,1670,TRUE
937112,3908,TRUE
970734,1875,TRUE
454136,4200,TRUE
403478,1690,TRUE
435622,2980,TRUE
344178,2525,TRUE
396656,2616.4,TRUE
502010,3495,TRUE
766479,595,TRUE
206904,5796,TRUE
458471,1468,TRUE
516371,356,TRUE
222578,4448,TRUE
546802,1350,TRUE
364620,645,TRUE
892218,220,TRUE
535184,2845,TRUE
896371,1255,TRUE
698171,3385,TRUE
990879,3015,TRUE
589639,1345,TRUE
398732,690,TRUE
703249,3304,TRUE
703522,550,TRUE
725344,2700,TRUE
788609,3275,TRUE
525285,2125,TRUE
664512,2965,TRUE
921016,1995,TRUE
355784,745,TRUE
644541,4841,TRUE
678325,495,TRUE
504569,1940,TRUE
533070,1140,TRUE
502809,150,TRUE
416388,230,TRUE
406431,775,TRUE
845950,4805,TRUE
718951,3500,TRUE
403708,2635,TRUE
473744,2980,TRUE
224021,595,TRUE
712214,3035,TRUE
576343,1550,TRUE
755228,1545,TRUE
111905,195,TRUE
861762,1390,TRUE
614871,135,TRUE
427975,307,TRUE
551928,2140,TRUE
841781,3875,TRUE
514469,1520,TRUE
463903,1470,TRUE
557947,1445,TRUE
285350,960,TRUE
967335,1000,TRUE
539759,465,TRUE
295703,717,TRUE
404184,2545,TRUE
532820,6805,TRUE
295453,443,TRUE
301907,777,TRUE
713077,435,TRUE
411151,3935,TRUE
833264,330,TRUE
635859,15,TRUE
689795,125,TRUE
924503,149,TRUE
440866,359,TRUE
972862,451,TRUE
368866,6400,TRUE
735702,435,TRUE
294251,2415,TRUE
491962,1960,TRUE
830289,450,TRUE
821849,745,TRUE
227288,1245,TRUE
372120,2074,TRUE
635265,750,TRUE
107851,287,TRUE
992129,2170,TRUE
273146,2377,TRUE
335121,1836,TRUE
519827,195,TRUE
139081,2085,TRUE
731242,1060,TRUE
500778,850,TRUE
554824,215,TRUE
105160,205,TRUE
958651,405,TRUE
629474,475,TRUE
819308,5465,TRUE
932391,825,TRUE
722177,465,TRUE
245182,250,TRUE
984172,260,TRUE
449121,195,TRUE
817583,485,TRUE
537212,2666,TRUE
104229,1880,TRUE
237600,500,TRUE
478632,1060,TRUE
307439,580,TRUE
727323,380,TRUE
840041,1680,TRUE
520671,3475,TRUE
923109,3215,TRUE
941818,1055,TRUE
199898,1796,TRUE
397220,2395,TRUE
807340,3120,TRUE
921175,695,TRUE
261993,4185,TRUE
452634,4495,TRUE
227939,8240,TRUE
245155,2160.4,TRUE
640776,2576,TRUE
756787,380,TRUE
771722,3110,TRUE
608980,2290,TRUE
195440,1900,TRUE
375408,2500,TRUE
746265,4295,TRUE
475081,945,TRUE
728977,3675,TRUE
890760,3540,TRUE
211477,4172,TRUE
564918,1265,TRUE
506999,1250,TRUE
261285,104,TRUE
906911,375,TRUE
620398,1294,TRUE
558250,420,TRUE
924584,4740,TRUE
789511,2270,TRUE
878113,3564,TRUE
496170,80,TRUE
710506,1719,TRUE
190585,6128,TRUE
879424,2575,TRUE
606256,4695,TRUE
176692,6228,TRUE
255454,695,TRUE
686514,3535,TRUE
316652,249,TRUE
949703,170,TRUE
928312,1596,TRUE
857442,5530,TRUE
240526,2730,TRUE
669195,1620,TRUE
158647,1765,TRUE
399530,4128,TRUE
978539,1796,TRUE
706675,1195,TRUE
680180,1195,TRUE
726062,1475,TRUE
749050,595,TRUE
809235,2875,TRUE
908489,2275,TRUE
641756,357,TRUE
991379,758,TRUE
471432,370,TRUE
763794,550,TRUE
636810,2250,TRUE
659042,3155,TRUE
494910,375,TRUE
977798,619,TRUE
547244,609,TRUE
374200,385,TRUE
643434,265,TRUE
945508,265,TRUE
843115,995,TRUE
573980,580,TRUE
476461,4335,TRUE
582512,1645,TRUE
533587,2425,TRUE
